"Reference","Value","Datasheet","Footprint","Qty","DNP"
"C1,C2,C22","10u","~","Capacitor_SMD:C_0805_2012Metric","3",""
"C6,C7","15p","~","Capacitor_SMD:C_0402_1005Metric","2",""
"C10,C11,C12,C14,C16,C17,C18,C19,C20,C21","100n","~","Capacitor_SMD:C_0402_1005Metric","10",""
"C13,C15","1u","~","Capacitor_SMD:C_0402_1005Metric","2",""
"D1,D2,D3,D4,D5,D6,D7,D8,D9,D10,D11,D12,D13,D14,D15,D16,D18,D19,D20,D21,D22,D23,D24,D25,D26,D27,D28,D29,D30,D31,D32,D33,D35,D36,D37,D38,D39,D40,D41,D42,D43,D44,D45,D46,D47,D48,D49,D50,D52,D53,D54,D55,D56,D57,D58,D59,D60,D61,D62,D63,D64","1N4148W","~","Diode_SMD:D_SOD-123","61",""
"D_RGB1,D_RGB2,D_RGB3,D_RGB4,D_RGB5,D_RGB6,D_RGB7,D_RGB8,D_RGB9,D_RGB10,D_RGB11,D_RGB12,D_RGB13,D_RGB14,D_RGB15,D_RGB16,D_RGB17,D_RGB18,D_RGB19,D_RGB20,D_RGB21,D_RGB22,D_RGB23,D_RGB24,D_RGB25,D_RGB26,D_RGB27,D_RGB28,D_RGB29,D_RGB30,D_RGB31,D_RGB32,D_RGB33,D_RGB34,D_RGB35,D_RGB36,D_RGB37,D_RGB38,D_RGB39,D_RGB40,D_RGB41,D_RGB42,D_RGB43,D_RGB44,D_RGB45,D_RGB46,D_RGB47,D_RGB48,D_RGB49,D_RGB50,D_RGB51,D_RGB52,D_RGB53,D_RGB54,D_RGB55,D_RGB56,D_RGB57,D_RGB58,D_RGB59,D_RGB60,D_RGB61","SK6812_MINI_E","https://cdn-shop.adafruit.com/datasheets/WS2812B.pdf","kbd:LED_SK6812MINI_E_3.5x3.5mm_P1.75mm","61",""
"H1,H2,H3,H4,H5,H6,H7,H8,H9","MountingHole","~","MountingHole:MountingHole_2.2mm_M2","9",""
"J1","Conn_01x02","~","Connector_PinHeader_2.54mm:PinHeader_1x02_P2.54mm_Vertical","1","DNP"
"J2","USB_C_Receptacle_USB2.0_16P","https://www.usb.org/sites/default/files/documents/usb_type-c.zip","Connector_USB:USB_C_Receptacle_HRO_TYPE-C-31-M-12","1",""
"J3","Conn_01x03","~","Connector_PinHeader_2.54mm:PinHeader_1x03_P2.54mm_Vertical","1","DNP"
"J4","Conn_01x04","~","Connector_PinHeader_2.54mm:PinHeader_1x04_P2.54mm_Vertical","1","DNP"
"JP1,JP2,JP3,JP4,JP5,JP6,JP7,JP8,JP9,JP10","Jumper_2_Bridged","~","Jumper:SolderJumper-2_P1.3mm_Open_RoundedPad1.0x1.5mm","10",""
"K1","Home","","PCM_Switch_Keyboard_Hotswap_Kailh:SW_Hotswap_Kailh_MX_1.00u","1",""
"K2","Tab","","PCM_Switch_Keyboard_Hotswap_Kailh:SW_Hotswap_Kailh_MX_1.00u","1",""
"K3","Q","","PCM_Switch_Keyboard_Hotswap_Kailh:SW_Hotswap_Kailh_MX_1.00u","1",""
"K4","W","","PCM_Switch_Keyboard_Hotswap_Kailh:SW_Hotswap_Kailh_MX_1.00u","1",""
"K5","E","","PCM_Switch_Keyboard_Hotswap_Kailh:SW_Hotswap_Kailh_MX_1.00u","1",""
"K6","R","","PCM_Switch_Keyboard_Hotswap_Kailh:SW_Hotswap_Kailh_MX_1.00u","1",""
"K7","T","","PCM_Switch_Keyboard_Hotswap_Kailh:SW_Hotswap_Kailh_MX_1.00u","1",""
"K8","Y","","PCM_Switch_Keyboard_Hotswap_Kailh:SW_Hotswap_Kailh_MX_1.00u","1",""
"K9","U","","PCM_Switch_Keyboard_Hotswap_Kailh:SW_Hotswap_Kailh_MX_1.00u","1",""
"K10","I","","PCM_Switch_Keyboard_Hotswap_Kailh:SW_Hotswap_Kailh_MX_1.00u","1",""
"K11","O","","PCM_Switch_Keyboard_Hotswap_Kailh:SW_Hotswap_Kailh_MX_1.00u","1",""
"K12","P","","PCM_Switch_Keyboard_Hotswap_Kailh:SW_Hotswap_Kailh_MX_1.00u","1",""
"K13","Back Space","","PCM_Switch_Keyboard_Hotswap_Kailh:SW_Hotswap_Kailh_MX_1.00u","1",""
"K14","Delete","","PCM_Switch_Keyboard_Hotswap_Kailh:SW_Hotswap_Kailh_MX_1.00u","1",""
"K15","1","","PCM_Switch_Keyboard_Hotswap_Kailh:SW_Hotswap_Kailh_MX_1.00u","1",""
"K16","2","","PCM_Switch_Keyboard_Hotswap_Kailh:SW_Hotswap_Kailh_MX_1.00u","1",""
"K18","End","","PCM_Switch_Keyboard_Hotswap_Kailh:SW_Hotswap_Kailh_MX_1.00u","1",""
"K19","Esc","","PCM_Switch_Keyboard_Hotswap_Kailh:SW_Hotswap_Kailh_MX_1.00u","1",""
"K20","A","","PCM_Switch_Keyboard_Hotswap_Kailh:SW_Hotswap_Kailh_MX_1.00u","1",""
"K21","S","","PCM_Switch_Keyboard_Hotswap_Kailh:SW_Hotswap_Kailh_MX_1.00u","1",""
"K22","1N4148W","","PCM_Switch_Keyboard_Hotswap_Kailh:SW_Hotswap_Kailh_MX_1.00u","1",""
"K23","F","","PCM_Switch_Keyboard_Hotswap_Kailh:SW_Hotswap_Kailh_MX_1.00u","1",""
"K24","G","","PCM_Switch_Keyboard_Hotswap_Kailh:SW_Hotswap_Kailh_MX_1.00u","1",""
"K25","H","","PCM_Switch_Keyboard_Hotswap_Kailh:SW_Hotswap_Kailh_MX_1.00u","1",""
"K26","J","","PCM_Switch_Keyboard_Hotswap_Kailh:SW_Hotswap_Kailh_MX_1.00u","1",""
"K27","K","","PCM_Switch_Keyboard_Hotswap_Kailh:SW_Hotswap_Kailh_MX_1.00u","1",""
"K28","L","","PCM_Switch_Keyboard_Hotswap_Kailh:SW_Hotswap_Kailh_MX_1.00u","1",""
"K29",";","","PCM_Switch_Keyboard_Hotswap_Kailh:SW_Hotswap_Kailh_MX_1.00u","1",""
"K30","'","","PCM_Switch_Keyboard_Hotswap_Kailh:SW_Hotswap_Kailh_MX_1.00u","1",""
"K31","Return","","PCM_Switch_Keyboard_Hotswap_Kailh:SW_Hotswap_Kailh_MX_1.00u","1",""
"K32","4","","PCM_Switch_Keyboard_Hotswap_Kailh:SW_Hotswap_Kailh_MX_1.00u","1",""
"K33","5","","PCM_Switch_Keyboard_Hotswap_Kailh:SW_Hotswap_Kailh_MX_1.00u","1",""
"K35","Vol +","","PCM_Switch_Keyboard_Hotswap_Kailh:SW_Hotswap_Kailh_MX_1.00u","1",""
"K36,K47","Shift","","PCM_Switch_Keyboard_Hotswap_Kailh:SW_Hotswap_Kailh_MX_1.00u","2",""
"K37","Z","","PCM_Switch_Keyboard_Hotswap_Kailh:SW_Hotswap_Kailh_MX_1.00u","1",""
"K38","X","","PCM_Switch_Keyboard_Hotswap_Kailh:SW_Hotswap_Kailh_MX_1.00u","1",""
"K39","C","","PCM_Switch_Keyboard_Hotswap_Kailh:SW_Hotswap_Kailh_MX_1.00u","1",""
"K40","V","","PCM_Switch_Keyboard_Hotswap_Kailh:SW_Hotswap_Kailh_MX_1.00u","1",""
"K41","B","","PCM_Switch_Keyboard_Hotswap_Kailh:SW_Hotswap_Kailh_MX_1.00u","1",""
"K42","N","","PCM_Switch_Keyboard_Hotswap_Kailh:SW_Hotswap_Kailh_MX_1.00u","1",""
"K43","M","","PCM_Switch_Keyboard_Hotswap_Kailh:SW_Hotswap_Kailh_MX_1.00u","1",""
"K44",",","","PCM_Switch_Keyboard_Hotswap_Kailh:SW_Hotswap_Kailh_MX_1.00u","1",""
"K45",".","","PCM_Switch_Keyboard_Hotswap_Kailh:SW_Hotswap_Kailh_MX_1.00u","1",""
"K46","/","","PCM_Switch_Keyboard_Hotswap_Kailh:SW_Hotswap_Kailh_MX_1.00u","1",""
"K48","7","","PCM_Switch_Keyboard_Hotswap_Kailh:SW_Hotswap_Kailh_MX_1.00u","1",""
"K49","8","","PCM_Switch_Keyboard_Hotswap_Kailh:SW_Hotswap_Kailh_MX_1.00u","1",""
"K50","9","","PCM_Switch_Keyboard_Hotswap_Kailh:SW_Hotswap_Kailh_MX_1.00u","1",""
"K52","Vol -","","PCM_Switch_Keyboard_Hotswap_Kailh:SW_Hotswap_Kailh_MX_1.25u","1",""
"K53","Ctrl","","PCM_Switch_Keyboard_Hotswap_Kailh:SW_Hotswap_Kailh_MX_1.25u","1",""
"K54,K59","Alt","","PCM_Switch_Keyboard_Hotswap_Kailh:SW_Hotswap_Kailh_MX_1.25u","2",""
"K55","Super","","PCM_Switch_Keyboard_Hotswap_Kailh:SW_Hotswap_Kailh_MX_1.25u","1",""
"K56","&dArr;","","PCM_Switch_Keyboard_Hotswap_Kailh:SW_Hotswap_Kailh_MX_1.25u","1",""
"K57","Blank","","PCM_Switch_Keyboard_Hotswap_Kailh:SW_Hotswap_Kailh_MX_2.00u","1",""
"K58","&uArr;","","PCM_Switch_Keyboard_Hotswap_Kailh:SW_Hotswap_Kailh_MX_1.25u","1",""
"K60","0","","PCM_Switch_Keyboard_Hotswap_Kailh:SW_Hotswap_Kailh_MX_1.00u","1",""
"K62","Fn","","PCM_Switch_Keyboard_Hotswap_Kailh:SW_Hotswap_Kailh_MX_1.00u","1",""
"K63","&larr;","","PCM_Switch_Keyboard_Hotswap_Kailh:SW_Hotswap_Kailh_MX_1.00u","1",""
"K64","&darr;","","PCM_Switch_Keyboard_Hotswap_Kailh:SW_Hotswap_Kailh_MX_1.00u","1",""
"R1,R3","1k","~","Resistor_SMD:R_0402_1005Metric","2",""
"R2","DNF","~","Resistor_SMD:R_0402_1005Metric","1",""
"R4,R5","27","~","Resistor_SMD:R_0402_1005Metric","2",""
"R6,R7","5.1k","~","Resistor_SMD:R_0402_1005Metric","2",""
"U1","USBLC6-2SC6","https://www.st.com/resource/en/datasheet/usblc6-2.pdf","Package_TO_SOT_SMD:SOT-23-6","1",""
"U2","NCP1117-3.3_SOT223","http://www.onsemi.com/pub_link/Collateral/NCP1117-D.PDF","Package_TO_SOT_SMD:SOT-223-3_TabPin2","1",""
"U3","W25Q128JVS","http://www.winbond.com/resource-files/w25q128jv_dtr%20revc%2003272018%20plus.pdf","Package_SO:SOIC-8_5.23x5.23mm_P1.27mm","1",""
"U5","RP2040","https://datasheets.raspberrypi.com/rp2040/rp2040-datasheet.pdf","Package_DFN_QFN:QFN-56-1EP_7x7mm_P0.4mm_EP3.2x3.2mm","1",""
"Y1","ABM8-272-T3","~","Crystal:Crystal_SMD_3225-4Pin_3.2x2.5mm","1",""
